Task,Average,Maximum
vbs22-avs-01,1.2335766423357664,6
vbs22-avs-02,1.1016949152542372,5
vbs22-avs-04,1.1888888888888889,5
vbs22-avs-05,1.6044776119402986,19
vbs22-avs-06,1.1862745098039216,9
vbs22-avs-07,1.5,16
vbs22-avs-09,1.3587786259541985,4
vbs22-avs-10,1.4728915662650603,19
